"user_id,company_id,job_offer_id,cv_skills,cv_user_title,experience_position,job_offer_title,job_offer_required_skills,application_status,y"
"1,101,1001,""PHP, Symfony, JavaScript"",""Senior Developer"",""Backend Developer"",""Software Developer"",""PHP, Symfony, JavaScript"",""Accepted"",1"
"2,101,1001,""JavaScript, React, Node.js"",""Frontend Developer"",""Web Developer"",""Software Developer"",""PHP, Symfony, JavaScript"",""Rejected"",0"
"3,101,1001,""Java, Spring, Hibernate"",""Java Developer"",""Software Engineer"",""Software Developer"",""PHP, Symfony, JavaScript"",""Pending"",1"
"4,101,1002,""Python, Django, Flask"",""Backend Developer"",""Software Engineer"",""Full Stack Developer"",""Python, Django, Flask"",""Pending"",1"
"5,102,1002,""JavaScript, Angular, TypeScript"",""Full Stack Developer"",""Frontend Developer"",""Frontend Developer"",""JavaScript, Angular, React"",""Rejected"",0"
"6,102,1003,""Ruby, Rails, JavaScript"",""Ruby Developer"",""Backend Developer"",""Backend Developer"",""JavaScript, Ruby on Rails"",""Pending"",1"
"7,102,1003,""Java, Python, Node.js"",""Backend Developer"",""Software Engineer"",""Software Developer"",""Python, Java"",""Accepted"",1"
"1,103,1004,""JavaScript, React, Node.js"",""Frontend Developer"",""Web Developer"",""Web Developer"",""JavaScript, React"",""Pending"",1"
"8,103,1004,""Python, Flask, Django"",""Backend Developer"",""Data Scientist"",""Data Scientist"",""Python, Django"",""Rejected"",0"
"9,103,1005,""C++, Java, Python"",""Backend Developer"",""Software Engineer"",""Backend Developer"",""Java, Python, C++"",""Accepted"",1"
"3,104,1006,""JavaScript, Node.js, React"",""Web Developer"",""Frontend Developer"",""Frontend Developer"",""JavaScript, React"",""Pending"",1"
"2,104,1007,""PHP, MySQL, Docker"",""Software Engineer"",""Backend Developer"",""Backend Developer"",""PHP, Symfony, JavaScript"",""Rejected"",0"
"10,104,1007,""C++, Python, JavaScript"",""Software Developer"",""Backend Developer"",""Software Engineer"",""PHP, Symfony, JavaScript"",""Pending"",1"
"4,105,1008,""Python, Django, Flask"",""Backend Developer"",""Software Engineer"",""Full Stack Developer"",""Python, Django, Flask"",""Accepted"",1"
"5,106,1009,""JavaScript, Angular, React"",""Frontend Developer"",""Web Developer"",""Frontend Developer"",""JavaScript, React, Angular"",""Rejected"",0"
"11,106,1009,""Java, C++, Python"",""Backend Developer"",""Machine Learning Engineer"",""Machine Learning Engineer"",""Python, C++"",""Pending"",1"
"6,107,1010,""Java, Spring, Hibernate"",""Java Developer"",""Software Engineer"",""Backend Developer"",""Java, Spring, Hibernate"",""Pending"",1"
"12,107,1011,""Python, Django, Flask"",""Backend Developer"",""Software Engineer"",""Software Developer"",""Python, Django, Flask"",""Accepted"",1"
"2,108,1011,""Java, Python, Node.js"",""Software Developer"",""Data Scientist"",""Software Engineer"",""Java, Python, Node.js"",""Pending"",1"
"7,108,1012,""C++, Python, JavaScript"",""Backend Developer"",""Software Engineer"",""Software Engineer"",""Java, Python, JavaScript"",""Accepted"",1"
"13,108,1012,""PHP, Symfony, JavaScript"",""Full Stack Developer"",""Frontend Developer"",""Backend Developer"",""PHP, Symfony, JavaScript"",""Pending"",1"
"3,109,1013,""JavaScript, React, Node.js"",""Frontend Developer"",""Web Developer"",""Full Stack Developer"",""JavaScript, React"",""Pending"",1"
"6,110,1014,""Python, Flask, Django"",""Backend Developer"",""Data Scientist"",""Software Developer"",""JavaScript, React"",""Rejected"",0"
"4,110,1014,""Java, Spring, Hibernate"",""Software Developer"",""Backend Developer"",""Software Engineer"",""Java, Spring, Hibernate"",""Accepted"",1"
"8,111,1015,""PHP, Symfony, MySQL"",""Backend Developer"",""Software Engineer"",""Backend Developer"",""PHP, Symfony, MySQL"",""Pending"",1"
"9,112,1016,""Java, C++, Python"",""Software Developer"",""Backend Developer"",""Software Engineer"",""Java, Python, C++"",""Accepted"",1"
"10,113,1017,""JavaScript, React, TypeScript"",""Frontend Developer"",""Web Developer"",""Web Developer"",""JavaScript, React"",""Pending"",1"
"1,113,1017,""C++, JavaScript, Python"",""Backend Developer"",""Software Engineer"",""Software Engineer"",""JavaScript, React"",""Rejected"",0"
"3,114,1018,""Python, Flask, Django"",""Backend Developer"",""Software Engineer"",""Data Scientist"",""Python, Django"",""Accepted"",1"
"14,114,1018,""Java, C++, Python"",""Software Engineer"",""Backend Developer"",""Backend Developer"",""Java, C++, Python"",""Rejected"",0"
"7,115,1019,""Ruby, Rails, JavaScript"",""Ruby Developer"",""Backend Developer"",""Backend Developer"",""Ruby on Rails, JavaScript"",""Pending"",1"
"2,115,1019,""Java, Python, React"",""Frontend Developer"",""Web Developer"",""Web Developer"",""JavaScript, React"",""Accepted"",1"
"8,116,1020,""Java, Spring, Hibernate"",""Software Developer"",""Software Engineer"",""Backend Developer"",""Java, Spring"",""Pending"",1"
"9,116,1020,""JavaScript, TypeScript, React"",""Full Stack Developer"",""Web Developer"",""Frontend Developer"",""JavaScript, TypeScript"",""Rejected"",0"
"4,117,1021,""C++, Java, Python"",""Software Developer"",""Backend Developer"",""Backend Developer"",""Java, Python, C++"",""Accepted"",1"
"10,117,1021,""PHP, Symfony, JavaScript"",""Backend Developer"",""Full Stack Developer"",""Software Developer"",""PHP, Symfony"",""Pending"",1"
"11,118,1022,""Python, Django, Flask"",""Backend Developer"",""Software Engineer"",""Backend Developer"",""Python, Django"",""Rejected"",0"
"12,118,1022,""C++, Python, JavaScript"",""Software Developer"",""Backend Developer"",""Software Engineer"",""C++, Java"",""Pending"",1"
"13,119,1023,""JavaScript, React, Node.js"",""Frontend Developer"",""Web Developer"",""Web Developer"",""JavaScript, React"",""Pending"",1"
"1,119,1023,""Java, Spring, Hibernate"",""Backend Developer"",""Software Engineer"",""Software Developer"",""Java, Spring, Hibernate"",""Rejected"",0"
"9,120,1024,""Java, C++, Python"",""Backend Developer"",""Software Engineer"",""Data Scientist"",""Java, C++, Python"",""Pending"",1"
"5,120,1024,""JavaScript, Node.js, React"",""Frontend Developer"",""Web Developer"",""Frontend Developer"",""JavaScript, React"",""Accepted"",1"
"10,121,1025,""PHP, MySQL, JavaScript"",""Backend Developer"",""Software Engineer"",""Software Developer"",""PHP, MySQL, JavaScript"",""Pending"",1"
"2,121,1025,""Ruby, Rails, JavaScript"",""Ruby Developer"",""Backend Developer"",""Software Engineer"",""Java, Ruby"",""Rejected"",0"
"6,122,1026,""Java, Spring, Hibernate"",""Backend Developer"",""Software Engineer"",""Software Engineer"",""Java, Spring, Hibernate"",""Accepted"",1"
"7,122,1026,""C++, JavaScript, Python"",""Backend Developer"",""Software Developer"",""Backend Developer"",""JavaScript, Node.js"",""Pending"",1"
"3,123,1027,""PHP, Symfony, JavaScript"",""Frontend Developer"",""Web Developer"",""Software Developer"",""PHP, JavaScript"",""Accepted"",1"
"4,123,1027,""Python, Flask, Django"",""Backend Developer"",""Software Engineer"",""Backend Developer"",""PHP, Symfony, JavaScript"",""Rejected"",0"
"5,124,1028,""JavaScript, React, Node.js"",""Frontend Developer"",""Web Developer"",""Full Stack Developer"",""JavaScript, Node.js"",""Pending"",1"
"2,124,1028,""Java, Python, Node.js"",""Backend Developer"",""Software Engineer"",""Software Engineer"",""Java, Node.js"",""Accepted"",1"
"14,125,1029,""Python, Django, Flask"",""Backend Developer"",""Machine Learning Engineer"",""Backend Developer"",""Python, Django"",""Pending"",1"
"1,125,1029,""JavaScript, TypeScript, React"",""Frontend Developer"",""Web Developer"",""Web Developer"",""JavaScript, TypeScript"",""Rejected"",0"
"1,10,101,""PHP, JavaScript, MySQL, Docker"",""Senior Software Developer"",""Software Engineer"",""Frontend Developer"",""HTML, CSS, JavaScript"",Accepted,1"
"2,11,102,""Python, Django, AWS"",""Full Stack Developer"",""Backend Developer"",""Full Stack Developer"",""Node.js, JavaScript, React"",Pending,0"
"3,12,103,""Java, Spring, Hibernate"",""Software Engineer"",""Senior Java Developer"",""Senior Java Developer"",""Java, Spring, Hibernate"",Rejected,0"
"4,10,104,""PHP, Symfony, Docker"",""Software Developer"",""PHP Developer"",""Backend Developer"",""PHP, Symfony, MySQL"",Applying-2,0"
"5,13,105,""JavaScript, React, Node.js"",""Frontend Developer"",""Web Developer"",""Frontend Developer"",""React, JavaScript"",Accepted,1"
"6,14,106,""Python, Flask, PostgreSQL"",""Junior Developer"",""Backend Developer"",""Backend Developer"",""Python, PostgreSQL, Flask"",Rejected,0"
"7,12,107,""Java, Spring, SQL"",""Senior Developer"",""Java Developer"",""Software Engineer"",""Java, SQL"",Pending,0"
"8,15,108,""JavaScript, React, Node.js"",""Frontend Developer"",""Frontend Developer"",""Frontend Developer"",""React, JavaScript, HTML"",Accepted,1"
"9,10,109,""PHP, Laravel, MySQL"",""Backend Developer"",""Backend Engineer"",""PHP Developer"",""Laravel, MySQL, PHP"",Applying-3,0"
"10,16,110,""Java, Spring Boot, SQL"",""Senior Developer"",""Software Engineer"",""Java Developer"",""Java, Spring Boot, SQL"",Rejected,0"
"11,17,111,""PHP, Symfony, JavaScript"",""Backend Developer"",""Web Developer"",""Backend Developer"",""Symfony, PHP"",Pending,0"
"12,12,112,""Python, Flask, Docker"",""Backend Developer"",""Software Developer"",""Backend Developer"",""Python, Flask, Docker"",Accepted,1"
"13,13,113,""Ruby, Rails, PostgreSQL"",""Backend Developer"",""Ruby Developer"",""Backend Developer"",""Ruby, Rails, PostgreSQL"",Rejected,0"
"14,10,114,""JavaScript, React, Node.js"",""Frontend Developer"",""Web Developer"",""Frontend Developer"",""React, Node.js"",Accepted,1"
"15,11,115,""Python, JavaScript, Docker"",""Software Developer"",""Software Engineer"",""Frontend Developer"",""JavaScript, React, Node.js"",Applying-4,0"
"16,14,116,""PHP, Symfony, Laravel"",""Junior Developer"",""Web Developer"",""Backend Developer"",""Symfony, PHP"",Rejected,0"
"17,12,117,""Java, Spring, Hibernate"",""Senior Developer"",""Java Developer"",""Java Developer"",""Java, Spring"",Pending,0"
"18,15,118,""JavaScript, Angular, Node.js"",""Frontend Developer"",""Software Engineer"",""Frontend Developer"",""Angular, JavaScript"",Rejected,0"
"19,10,119,""PHP, Symfony, MySQL"",""Backend Developer"",""PHP Developer"",""Backend Developer"",""PHP, Symfony"",Accepted,1"
"20,13,120,""Python, Flask, PostgreSQL"",""Junior Developer"",""Software Engineer"",""Junior Backend Developer"",""Python, PostgreSQL"",Pending,0"
"21,11,121,""Java, Spring, SQL"",""Software Developer"",""Backend Developer"",""Backend Developer"",""Spring, SQL"",Rejected,0"
"22,16,122,""JavaScript, React, Node.js"",""Frontend Developer"",""Frontend Developer"",""Frontend Developer"",""React, Node.js"",Applying-2,0"
"23,17,123,""PHP, Symfony, JavaScript"",""Senior Developer"",""PHP Developer"",""PHP Developer"",""Symfony, PHP"",Pending,0"
"24,10,124,""Ruby, Rails, PostgreSQL"",""Backend Developer"",""Web Developer"",""Backend Developer"",""Ruby, Rails"",Accepted,1"
"25,15,125,""Python, Django, AWS"",""Full Stack Developer"",""Software Developer"",""Full Stack Developer"",""AWS, Node.js, JavaScript"",Accepted,1"
"26,14,126,""PHP, Symfony, Docker"",""Backend Developer"",""PHP Engineer"",""Backend Developer"",""PHP, Symfony"",Rejected,0"
"27,13,127,""Java, Spring, SQL"",""Senior Developer"",""Java Developer"",""Java Developer"",""Java, SQL"",Pending,0"
"28,12,128,""JavaScript, React, Node.js"",""Frontend Developer"",""Web Developer"",""Frontend Developer"",""React, JavaScript, Node.js"",Accepted,1"
"29,15,129,""Python, Flask, PostgreSQL"",""Junior Developer"",""Backend Developer"",""Backend Developer"",""Flask, Python, PostgreSQL"",Applying-4,0"
"30,16,130,""Java, Spring Boot, SQL"",""Software Engineer"",""Senior Backend Developer"",""Senior Java Developer"",""Java, SQL, Spring"",Pending,0"
"31,17,131,""PHP, Symfony, JavaScript"",""Backend Developer"",""PHP Developer"",""Backend Developer"",""PHP, Symfony"",Rejected,0"
"32,10,132,""Ruby, Rails, PostgreSQL"",""Backend Developer"",""Ruby Developer"",""Ruby Backend Developer"",""Ruby, Rails, PostgreSQL"",Accepted,1"
"33,14,133,""Python, Django, AWS"",""Full Stack Developer"",""Full Stack Developer"",""Backend Developer"",""Django, Python, AWS"",Pending,0"
"34,16,134,""JavaScript, React, Node.js"",""Frontend Developer"",""Frontend Developer"",""Frontend Developer"",""JavaScript, React, Node.js"",Accepted,1"
"35,13,135,""Python, Flask, Docker"",""Backend Developer"",""Software Engineer"",""Backend Developer"",""Python, Flask, Docker"",Applying-3,0"
"36,10,136,""Java, Spring, Hibernate"",""Senior Developer"",""Java Developer"",""Java Developer"",""Java, Spring, Hibernate"",Rejected,0"
"37,14,137,""PHP, Laravel, MySQL"",""Backend Developer"",""Web Developer"",""Backend Developer"",""Laravel, PHP, MySQL"",Accepted,1"
"38,12,138,""JavaScript, Angular, Node.js"",""Frontend Developer"",""Software Engineer"",""Frontend Developer"",""Angular, JavaScript"",Rejected,0"
"39,16,139,""Java, Spring Boot, SQL"",""Senior Developer"",""Backend Engineer"",""Software Engineer"",""Spring, Java"",Accepted,1"
"40,17,140,""Python, Flask, PostgreSQL"",""Backend Developer"",""Backend Engineer"",""Backend Developer"",""Flask, PostgreSQL, Python"",Rejected,0"
"41,13,141,""JavaScript, React, Node.js"",""Frontend Developer"",""Frontend Developer"",""Frontend Developer"",""React, Node.js"",Applying-2,0"
"42,14,142,""Ruby, Rails, PostgreSQL"",""Backend Developer"",""Ruby Developer"",""Ruby Developer"",""Ruby, PostgreSQL"",Pending,0"
"43,10,143,""Java, Spring Boot, MySQL"",""Senior Developer"",""Java Developer"",""Senior Backend Developer"",""Java, Spring"",Rejected,0"
"44,15,144,""Python, Django, AWS"",""Full Stack Developer"",""Software Developer"",""Full Stack Developer"",""Django, Python"",Accepted,1"
"45,13,145,""Java, Spring Boot, SQL"",""Backend Developer"",""Backend Engineer"",""Java Developer"",""Java, Spring Boot, SQL"",Rejected,0"
"46,14,146,""PHP, Symfony, JavaScript"",""Backend Developer"",""PHP Engineer"",""Backend Developer"",""Symfony, JavaScript"",Applying-4,0"
"47,12,147,""Ruby, Rails, PostgreSQL"",""Backend Developer"",""Software Engineer"",""Backend Developer"",""Ruby, PostgreSQL"",Accepted,1"
"48,10,148,""JavaScript, React, Node.js"",""Frontend Developer"",""Web Developer"",""Frontend Developer"",""React, JavaScript"",Rejected,0"
"49,13,149,""Python, Django, AWS"",""Full Stack Developer"",""Full Stack Developer"",""Backend Developer"",""Python, Django, AWS"",Applying-3,0"
"50,16,150,""Java, Spring, Hibernate"",""Senior Developer"",""Java Developer"",""Senior Java Developer"",""Java, Hibernate"",Pending,0"
"1,10,101,""PHP, JavaScript, MySQL, Docker"",""Senior Software Developer"",""Software Engineer"",""Frontend Developer"",""HTML, CSS, JavaScript"",Accepted,1"
"2,11,102,""Python, Django, AWS"",""Full Stack Developer"",""Backend Developer"",""Full Stack Developer"",""Node.js, JavaScript, React"",Pending,0"
"3,12,103,""Java, Spring, Hibernate"",""Software Engineer"",""Senior Java Developer"",""Senior Java Developer"",""Java, Spring, Hibernate"",Rejected,0"
"4,13,104,""PHP, Symfony, Docker"",""Software Developer"",""PHP Developer"",""Backend Developer"",""PHP, Symfony, MySQL"",Rejected,0"
"5,14,105,""JavaScript, React, Node.js"",""Frontend Developer"",""Web Developer"",""Frontend Developer"",""React, JavaScript"",Accepted,1"
"6,10,106,""Python, Flask, PostgreSQL"",""Junior Developer"",""Backend Developer"",""Backend Developer"",""Python, PostgreSQL, Flask"",Accepted,1"
"7,12,107,""Java, Spring, SQL"",""Senior Developer"",""Java Developer"",""Software Engineer"",""Java, SQL"",Pending,0"
"8,15,108,""JavaScript, Angular, Node.js"",""Frontend Developer"",""Frontend Developer"",""Frontend Developer"",""React, JavaScript"",Rejected,0"
"9,16,109,""PHP, Laravel, MySQL"",""Backend Developer"",""Backend Engineer"",""PHP Developer"",""Laravel, MySQL, PHP"",Accepted,1"
"10,17,110,""Java, Spring Boot, SQL"",""Senior Developer"",""Software Engineer"",""Java Developer"",""Java, Spring Boot, SQL"",Applying-3,0"
"11,18,111,""PHP, Symfony, JavaScript"",""Backend Developer"",""Web Developer"",""Backend Developer"",""Symfony, PHP"",Accepted,1"
"12,13,112,""Python, Flask, Docker"",""Backend Developer"",""Software Developer"",""Backend Developer"",""Python, Flask, Docker"",Rejected,0"
"13,14,113,""Ruby, Rails, PostgreSQL"",""Backend Developer"",""Ruby Developer"",""Backend Developer"",""Ruby, Rails, PostgreSQL"",Rejected,0"
"14,12,114,""JavaScript, React, Node.js"",""Frontend Developer"",""Web Developer"",""Frontend Developer"",""React, JavaScript"",Accepted,1"
"15,10,115,""Python, JavaScript, Docker"",""Software Developer"",""Software Engineer"",""Frontend Developer"",""JavaScript, React, Node.js"",Accepted,1"
"16,16,116,""PHP, Symfony, Laravel"",""Junior Developer"",""Web Developer"",""Backend Developer"",""Symfony, PHP"",Rejected,0"
"17,15,117,""Java, Spring, Hibernate"",""Senior Developer"",""Java Developer"",""Java Developer"",""Java, Spring"",Pending,0"
"18,11,118,""JavaScript, Angular, Node.js"",""Frontend Developer"",""Software Engineer"",""Frontend Developer"",""Angular, JavaScript"",Rejected,0"
"19,10,119,""PHP, Symfony, MySQL"",""Backend Developer"",""PHP Developer"",""Backend Developer"",""PHP, Symfony"",Accepted,1"
"20,13,120,""Python, Flask, PostgreSQL"",""Junior Developer"",""Software Engineer"",""Junior Backend Developer"",""Python, PostgreSQL"",Pending,0"
"21,12,121,""Java, Spring, SQL"",""Software Developer"",""Backend Developer"",""Backend Developer"",""Spring, SQL"",Rejected,0"
"22,14,122,""JavaScript, React, Node.js"",""Frontend Developer"",""Frontend Developer"",""Frontend Developer"",""React, Node.js"",Applying-2,0"
"23,16,123,""PHP, Symfony, JavaScript"",""Senior Developer"",""PHP Developer"",""PHP Developer"",""Symfony, PHP"",Pending,0"
"24,10,124,""Ruby, Rails, PostgreSQL"",""Backend Developer"",""Web Developer"",""Backend Developer"",""Ruby, Rails"",Accepted,1"
"25,11,125,""Python, Django, AWS"",""Full Stack Developer"",""Software Developer"",""Full Stack Developer"",""AWS, Node.js, JavaScript"",Accepted,1"
"26,15,126,""PHP, Symfony, Docker"",""Backend Developer"",""PHP Engineer"",""Backend Developer"",""PHP, Symfony"",Rejected,0"
"27,13,127,""Java, Spring, SQL"",""Senior Developer"",""Java Developer"",""Java Developer"",""Java, SQL"",Pending,0"
"28,12,128,""JavaScript, React, Node.js"",""Frontend Developer"",""Web Developer"",""Frontend Developer"",""React, JavaScript, Node.js"",Accepted,1"
"29,14,129,""Python, Flask, PostgreSQL"",""Junior Developer"",""Backend Developer"",""Backend Developer"",""Flask, Python, PostgreSQL"",Applying-4,0"
"30,16,130,""Java, Spring Boot, SQL"",""Software Engineer"",""Senior Backend Developer"",""Senior Java Developer"",""Java, SQL, Spring"",Pending,0"
"31,17,131,""PHP, Symfony, JavaScript"",""Backend Developer"",""PHP Developer"",""Backend Developer"",""PHP, Symfony"",Rejected,0"
"32,10,132,""Ruby, Rails, PostgreSQL"",""Backend Developer"",""Ruby Developer"",""Ruby Backend Developer"",""Ruby, Rails, PostgreSQL"",Accepted,1"
"33,14,133,""Python, Django, AWS"",""Full Stack Developer"",""Full Stack Developer"",""Backend Developer"",""Django, Python, AWS"",Pending,0"
"34,16,134,""JavaScript, React, Node.js"",""Frontend Developer"",""Frontend Developer"",""Frontend Developer"",""JavaScript, React, Node.js"",Accepted,1"
"35,13,135,""Python, Flask, Docker"",""Backend Developer"",""Software Engineer"",""Backend Developer"",""Python, Flask, Docker"",Applying-3,0"
"36,10,136,""Java, Spring, Hibernate"",""Senior Developer"",""Java Developer"",""Java Developer"",""Java, Spring, Hibernate"",Rejected,0"
"37,14,137,""PHP, Laravel, MySQL"",""Backend Developer"",""Web Developer"",""Backend Developer"",""Laravel, PHP, MySQL"",Accepted,1"
"38,12,138,""JavaScript, Angular, Node.js"",""Frontend Developer"",""Software Engineer"",""Frontend Developer"",""Angular, JavaScript"",Rejected,0"
"39,16,139,""Java, Spring Boot, SQL"",""Senior Developer"",""Backend Engineer"",""Software Engineer"",""Spring, Java"",Accepted,1"
"40,17,140,""Python, Flask, PostgreSQL"",""Backend Developer"",""Backend Engineer"",""Backend Developer"",""Flask, PostgreSQL, Python"",Rejected,0"
"41,13,141,""JavaScript, React, Node.js"",""Frontend Developer"",""Frontend Developer"",""Frontend Developer"",""React, Node.js"",Applying-2,0"
"42,14,142,""Ruby, Rails, PostgreSQL"",""Backend Developer"",""Ruby Developer"",""Ruby Developer"",""Ruby, PostgreSQL"",Pending,0"
"43,10,143,""Java, Spring Boot, MySQL"",""Senior Developer"",""Java Developer"",""Senior Backend Developer"",""Java, Spring"",Rejected,0"
"44,15,144,""Python, Django, AWS"",""Full Stack Developer"",""Software Developer"",""Full Stack Developer"",""Django, Python"",Accepted,1"
"45,13,145,""Java, Spring Boot, SQL"",""Backend Developer"",""Backend Engineer"",""Java Developer"",""Java, Spring Boot, SQL"",Rejected,0"
"46,14,146,""PHP, Symfony, JavaScript"",""Backend Developer"",""PHP Engineer"",""Backend Developer"",""Symfony, JavaScript"",Applying-4,0"
"47,12,147,""Ruby, Rails, PostgreSQL"",""Backend Developer"",""Software Engineer"",""Backend Developer"",""Ruby, PostgreSQL"",Accepted,1"
"48,10,148,""JavaScript, React, Node.js"",""Frontend Developer"",""Web Developer"",""Frontend Developer"",""React, JavaScript"",Rejected,0"
"49,13,149,""Python, Django, AWS"",""Full Stack Developer"",""Full Stack Developer"",""Backend Developer"",""Python, Django, AWS"",Applying-3,0"
"50,16,150,""Java, Spring, Hibernate"",""Senior Developer"",""Java Developer"",""Senior Java Developer"",""Java, Hibernate"",Pending,0"
"51,10,151,""PHP, MySQL, Docker"",""Backend Developer"",""PHP Developer"",""Backend Developer"",""PHP, MySQL, Docker"",Rejected,0"
"user_id,company_id,job_offer_id,cv_skills,cv_user_title,experience_position,job_offer_title,job_offer_required_skills,application_status,y"
"1,101,1,""Java, Spring"",""Backend Developer"",""Java Developer"",""Java Developer"",""Java, Spring"",Accepted,1"
"1,101,2,""Java, Spring"",""Backend Developer"",""Java Developer"",""Senior Java Developer"",""Java, Spring"",Rejected,0"
"2,102,3,""PHP, Symfony, MySQL"",""Backend Developer"",""PHP Developer"",""PHP Developer"",""PHP, Symfony"",Pending,0"
"2,102,4,""PHP, Symfony, MySQL"",""Backend Developer"",""PHP Developer"",""Backend Developer"",""Symfony, PHP"",Accepted,1"
"3,103,5,""Python, Flask"",""Backend Developer"",""Software Engineer"",""Junior Developer"",""Python, Flask"",Rejected,0"
"3,103,6,""Python, Flask"",""Backend Developer"",""Software Engineer"",""Backend Developer"",""Python, Flask"",Pending,0"
"4,104,7,""JavaScript, React"",""Frontend Developer"",""Frontend Developer"",""Frontend Developer"",""JavaScript, React"",Accepted,1"
"4,104,8,""JavaScript, React"",""Frontend Developer"",""Frontend Developer"",""Senior Frontend Developer"",""JavaScript, React"",Rejected,0"
"5,105,9,""Ruby, Rails, PostgreSQL"",""Backend Developer"",""Ruby Developer"",""Backend Developer"",""Ruby, Rails, PostgreSQL"",Pending,0"
"5,105,10,""Ruby, Rails, PostgreSQL"",""Backend Developer"",""Ruby Developer"",""Ruby Developer"",""Ruby, Rails"",Accepted,1"
"6,106,11,""Java, Spring Boot, SQL"",""Senior Developer"",""Java Developer"",""Senior Backend Developer"",""Spring, SQL"",Accepted,1"
"6,106,12,""Java, Spring Boot, SQL"",""Senior Developer"",""Java Developer"",""Backend Developer"",""Spring, SQL"",Rejected,0"
"7,107,13,""JavaScript, Angular, Node.js"",""Frontend Developer"",""Web Developer"",""Frontend Developer"",""JavaScript, Angular, Node.js"",Pending,0"
"7,107,14,""JavaScript, Angular, Node.js"",""Frontend Developer"",""Web Developer"",""Frontend Developer"",""JavaScript, Angular"",Accepted,1"
"8,108,15,""PHP, Symfony, JavaScript"",""Backend Developer"",""PHP Developer"",""Backend Developer"",""PHP, Symfony, JavaScript"",Rejected,0"
"8,108,16,""PHP, Symfony, JavaScript"",""Backend Developer"",""PHP Developer"",""Software Engineer"",""PHP, Symfony, JavaScript"",Pending,0"
"9,109,17,""Ruby, Rails, PostgreSQL"",""Backend Developer"",""Ruby Developer"",""Backend Developer"",""Ruby, Rails"",Rejected,0"
"9,109,18,""Ruby, Rails, PostgreSQL"",""Backend Developer"",""Ruby Developer"",""Backend Developer"",""Rails, PostgreSQL"",Accepted,1"
"10,110,19,""Python, Flask, Docker"",""Backend Developer"",""Software Developer"",""Backend Developer"",""Flask, Docker"",Accepted,1"
"10,110,20,""Python, Flask, Docker"",""Backend Developer"",""Software Developer"",""Backend Developer"",""Flask, Docker"",Pending,0"
"11,111,21,""Java, Spring Boot, Hibernate"",""Senior Developer"",""Java Developer"",""Java Developer"",""Spring, Hibernate"",Rejected,0"
"11,111,22,""Java, Spring Boot, Hibernate"",""Senior Developer"",""Java Developer"",""Senior Backend Developer"",""Spring, Hibernate"",Accepted,1"
"12,112,23,""PHP, Laravel, MySQL"",""Backend Developer"",""PHP Developer"",""PHP Developer"",""Laravel, MySQL"",Pending,0"
"12,112,24,""PHP, Laravel, MySQL"",""Backend Developer"",""PHP Developer"",""Software Developer"",""PHP, Laravel, MySQL"",Accepted,1"
"13,113,25,""JavaScript, React, Node.js"",""Frontend Developer"",""Software Developer"",""Frontend Developer"",""React, Node.js"",Rejected,0"
"13,113,26,""JavaScript, React, Node.js"",""Frontend Developer"",""Software Developer"",""Frontend Developer"",""JavaScript, React"",Accepted,1"
"14,114,27,""Ruby, Rails, PostgreSQL"",""Backend Developer"",""Software Engineer"",""Backend Developer"",""Ruby, Rails"",Pending,0"
"14,114,28,""Ruby, Rails, PostgreSQL"",""Backend Developer"",""Software Engineer"",""Software Engineer"",""Ruby, PostgreSQL"",Accepted,1"
"15,115,29,""Python, Flask, SQL"",""Junior Developer"",""Backend Developer"",""Backend Developer"",""Flask, SQL"",Rejected,0"
"15,115,30,""Python, Flask, SQL"",""Junior Developer"",""Backend Developer"",""Backend Developer"",""Flask, SQL"",Pending,0"
"16,116,31,""JavaScript, Angular, Node.js"",""Frontend Developer"",""Frontend Developer"",""Frontend Developer"",""React, Angular"",Accepted,1"
"16,116,32,""JavaScript, Angular, Node.js"",""Frontend Developer"",""Frontend Developer"",""Frontend Developer"",""JavaScript, Angular, Node.js"",Pending,0"
"17,117,33,""PHP, Symfony, MySQL"",""Backend Developer"",""Software Engineer"",""Backend Developer"",""PHP, Symfony"",Accepted,1"
"17,117,34,""PHP, Symfony, MySQL"",""Backend Developer"",""Software Engineer"",""Backend Developer"",""PHP, Symfony, MySQL"",Rejected,0"
"18,118,35,""Ruby, Rails, PostgreSQL"",""Backend Developer"",""Ruby Developer"",""Backend Developer"",""Ruby, Rails"",Pending,0"
"18,118,36,""Ruby, Rails, PostgreSQL"",""Backend Developer"",""Ruby Developer"",""Backend Developer"",""Ruby, PostgreSQL"",Accepted,1"
"19,119,37,""Python, Flask, PostgreSQL"",""Backend Developer"",""Backend Developer"",""Backend Developer"",""Flask, PostgreSQL"",Pending,0"
"19,119,38,""Python, Flask, PostgreSQL"",""Backend Developer"",""Backend Developer"",""Backend Developer"",""Flask, PostgreSQL"",Accepted,1"
"20,120,39,""Java, Spring, Hibernate"",""Senior Developer"",""Java Developer"",""Backend Developer"",""Java, Spring"",Accepted,1"
"20,120,40,""Java, Spring, Hibernate"",""Senior Developer"",""Java Developer"",""Senior Backend Developer"",""Java, Spring"",Rejected,0"
"21,121,41,""JavaScript, React, Node.js"",""Frontend Developer"",""Frontend Developer"",""Frontend Developer"",""React, JavaScript"",Rejected,0"
"21,121,42,""JavaScript, React, Node.js"",""Frontend Developer"",""Frontend Developer"",""Software Developer"",""React, Node.js"",Accepted,1"
"22,122,43,""Ruby, Rails, PostgreSQL"",""Backend Developer"",""Ruby Developer"",""Backend Developer"",""Ruby, Rails, PostgreSQL"",Rejected,0"
"22,122,44,""Ruby, Rails, PostgreSQL"",""Backend Developer"",""Ruby Developer"",""Backend Developer"",""Rails, PostgreSQL"",Accepted,1"
"23,123,45,""PHP, Symfony, JavaScript"",""Backend Developer"",""PHP Developer"",""Backend Developer"",""PHP, Symfony, JavaScript"",Accepted,1"
"23,123,46,""PHP, Symfony, JavaScript"",""Backend Developer"",""PHP Developer"",""Backend Developer"",""Symfony, PHP"",Rejected,0"
"24,124,47,""Python, Flask, SQL"",""Junior Developer"",""Backend Developer"",""Backend Developer"",""Flask, SQL"",Pending,0"
